review_id,product_id,product_type,sku_type,review_content
sample_review_001,sample_product_01,智能宠物喂食器,已匿名化规格,喂食器拿到手的质感真的很好，插电和电池都可以，用了几天没有出现卡粮的情况，粮碗容易拆卸方便清晰，储粮桶够大而且密封避光，满足了我对喂食器的所有要求！！我买的带监控的那款，可以实时看崽干饭，监控超清晰，这个价真的超值!
sample_review_002,sample_product_01,智能宠物喂食器,已匿名化规格,特别好用 解放双手了，然后这个摄像头很惊喜 很高清 还可以当个家庭摄像头用 视野也大
sample_review_003,sample_product_01,智能宠物喂食器,已匿名化规格,这个价位能买到这么多功能的！这款自动喂食钱 性价比非常的高 总出去旅游的和上班比较忙的铲屎官们 可以入手这款 高清影响 在夜间也能清晰看见猫咪们的动态 语音说话 设定出粮多少 简直是太方便了。非常满意！
sample_review_004,sample_product_01,智能宠物喂食器,已匿名化规格,打開後很好安裝！ 包裝也很好，不怕中途摔壞或破掉✨ 好險有買到這台💖
sample_review_005,sample_product_01,智能宠物喂食器,已匿名化规格,非常智能。设备安装很简单，AAP操作简单，摄像头很清晰！很快就安装好了，连接app也很方便，可以实时在手机上操作，大的冻干也不会卡粮，家里的猫都很喜欢。有6升的大容量，真的是智能改变生活，一下子解放的双手。值得推荐！
sample_review_006,sample_product_02,智能宠物摄像头,已匿名化规格,无需安装，有赠送的免钉支架，添加设备很快，扫个码就好了，登入进去画面非常清晰，人脸细节都看得清清楚楚的，非常推荐 当天追评：连接网络比较快，扫码之后就可以绑定了。 商家回复：奥克斯监控：终身免费流量，极清画质，无需网络WiFi也能用，手机远...
sample_review_007,sample_product_02,智能宠物摄像头,已匿名化规格,用来看看没人在家里的时候，小猫咪都在干啥子，监测一下它有没有好好吃饭，陆陆续续测试了很多角度，终于敲定一个摄像头对准门口和猫砂盆，另一个动态镜头先对着猫粮碗，找不到猫咪的时候就转一圈看看，盲区正好可以通过墙上的镜面反射看到。晚上的红外看的也...
sample_review_008,sample_product_02,智能宠物摄像头,已匿名化规格,配件齐全，送的延长线很长，直接插上电挂那边就可以了，连接不难，两分钟就连接到了。自动巡航非常实用，一直在旋转录像。 商家回复：奥克斯监控：终身免费流量，极清画质，无需网络WiFi也能用，手机远程无延迟实时看，回看免费，24小时客服在线服务，...
sample_review_009,sample_product_02,智能宠物摄像头,已匿名化规格,语音对讲的声音也很清楚 链接WiFi就行 很方便 摄像头效果很不错的 值得推荐 商家回复：奥克斯监控：终身免费流量，极清画质，无需网络WiFi也能用，手机远程无延迟实时看，回看免费，24小时客服在线服务，我们承诺“所有商品支持三十天无理由退...
sample_review_010,sample_product_02,智能宠物摄像头,已匿名化规格,该用户觉得商品非常好，给出5星好评 当天追评：买这个监控就是图它不用网络，在老家没网的地方也能用。最惊喜的是送终身免费流量，不管看实时画面还是回放，都不用额外花钱，太省心了。 商家回复：奥克斯监控：终身免费流量，极清画质，无需网络WiFi也...
sample_review_011,sample_product_03,智能宠物猫砂盆,已匿名化规格,一开始还担心猫咪会害怕不敢用，结果全都非常喜欢，天天进进出出厕所，集便仓的容量很大，五只猫可以用4-5天，解放双手了，清理方便，但是有个小问题是网有点大，有些小的粑粑筛不出去，有时候还会卡网上，因为矿砂带砂太严重了，而且猫经常进去，有控砂台...
sample_review_012,sample_product_03,智能宠物猫砂盆,已匿名化规格,已经用啦好几天啦，家里有四只猫，已经有三只学会了使用，还有一只体重超标，我亲眼看见它爬不上去，然后放弃上厕所，这两天另外放了一个开放猫砂盆让他们过渡一下，过两天就撤走，让他们彻底使用这个智能猫砂盆，猫砂盆体验感很好，很智能，铲屎很干净，功能...
sample_review_013,sample_product_03,智能宠物猫砂盆,已匿名化规格,目前看来使用感很好，远超预期。买之前看到网上说电动猫砂盆各种问题，结果买回来也就安装费点力气，联网也很快，App很简洁，好几天都没管完全忘记还得倒猫砂了😂，很快就上手了，空间也很大，11斤多的猫完全没问题，总之完全值这个价格，好评
sample_review_014,sample_product_03,智能宠物猫砂盆,已匿名化规格,刚开始乡巴咪不会用，现在也都用习惯啦，客服态度也不错，解放双手很好，一只13斤一只15斤的大猫空间都很够用，目前没啥问题，推荐购买~
sample_review_015,sample_product_03,智能宠物猫砂盆,已匿名化规格,最开始家里两只猫有点抗拒，适应一段时间后就好了。还是从一定程度上解决了天天铲屎的问题。而且夏天来了及时铲屎后家里也没那么臭了。售后客服也挺好的，有任何问题都会及时回复➕解决。还帮我另外设定了程序，越用越顺心了。
sample_review_016,sample_product_04,智能宠物项圈,已匿名化规格,之前用的定位器一天一充，有时候忘记充电就白带了。这个充一次电用了好几天还有电，对我这种懒人太友好了。而且还能切换省电模式，出差几天回来还能用，省心到哭。电子围栏很灵敏，地图清晰 商家回复：哇哦~非常感谢亲亲的支持和青睐~亲亲的满意是我们不懈...
sample_review_017,sample_product_04,智能宠物项圈,已匿名化规格,我经常忘了充电，但它真能顶好几天，挂上去狗根本没感觉，定位挺准的，在公园试了几次误差不大；挺好的 给个好评 商家回复：亲亲，感谢您的好评，授人玫瑰手留余香，您的好评是对我们最大的鼓励和支持，也是我们不断前进的动力！谢谢您的光临，希望和您有更...
sample_review_018,sample_product_04,智能宠物项圈,已匿名化规格,猫爱钻缝隙，定位误差很小，基本能精确到几米内，小区绿化带里直接开铃声寻找锁定。不像以前用那种蓝牙的，稍微隔远点就断联，这个真的稳。 商家回复：哇哦~非常感谢亲亲的支持和青睐~亲亲的满意是我们不懈的追求~您的认可是我们孜孜不倦前进的动力，我们...
sample_review_019,sample_product_04,智能宠物项圈,已匿名化规格,我家狗跑丢过两回了，每次都是全家人出动找半天。后来朋友推荐买了这个，上周又不小心让门缝溜出去了，打开App一看，好家伙跑出去800多米了，骑车跟着定位追，十来分钟就逮回来了。 商家回复：哇哦~非常感谢亲亲的支持和青睐~亲亲的满意是我们不懈的...
sample_review_020,sample_product_04,智能宠物项圈,已匿名化规格,自从戴上这个，出门遛狗不用一直盯着它了，能松口气玩会儿手机。定位很准而且充一次电能顶好几天，不用天天惦记着充电，对于我这种懒人来说挺友好的。 商家回复：亲爱哒，感谢您对福满临的爱，我们的每一步成绩，都有来自您的助力，让我们一起继续为高品质生...
sample_review_021,sample_product_05,智能宠物饮水机,已匿名化规格,宠物饮水机里水冰凉，小家伙不爱喝水，看到这款专用加热器买来试试。操作简单，放水里插上电就行，水温恒定 28 度，温温的正好。电压低安全，不用担心触电，机器没噪音，放客厅听不到动静。水质温度一直稳定，猫咪喝水明显变勤，再也没闹过肠胃，做工厚实...
sample_review_022,sample_product_05,智能宠物饮水机,已匿名化规格,设计的确实不错，一键切换三种出水模式，没有多余的功能，我就喜欢这种极简设计，水机容量大，加了水会扣得很近不容易侧翻。 就是感应特别灵敏，前年开始这是买的第三个猫咪饮水机，猫是真的喜欢。 8天后追评：续航太惊喜啦，充一次能用好久，出水柔和不溅...
sample_review_023,sample_product_05,智能宠物饮水机,已匿名化规格,安装简单易上手，拆卸简单方便易清洗，颜值比其他家的高，我实际对比过，带有过滤棉芯可过滤一些猫毛啥的，且功能多样不像其他款式的宠物饮水机功能单一，有磁感应，定时出水和长时间出水等功能，猫咪很喜欢 ，还是无声的非常棒 8天后追评：续航挺久不用频...
sample_review_024,sample_product_05,智能宠物饮水机,已匿名化规格,Catpat 旋转花花出水，真的太懂小猫咪！流动花花造型，猫咪一看就爱上，主动喝水不用担心，喝得多更健康～铲屎官闭眼入，解决喝水难题就靠它。 7天后追评： 这款饮水机很好用，过滤网也确实能过滤一些杂质，自从买了这个饮水机，猫咪喝水都变多了。...
sample_review_025,sample_product_05,智能宠物饮水机,已匿名化规格,很好用，颜值质量都很好，声音不大，诱导喝水功能很强，猫猫路过就会喝几口，看似很喜欢。 9天后追评：之前猫咪不爱喝水，换这个饮水机后饮水量翻倍！静音泵夜间无噪音，滤芯过滤杂质，大容量不用天天加水，太实用了。
sample_review_026,sample_product_06,智能逗猫器,已匿名化规格,这款发声小鸟猫咪玩具真的挖到宝了，家里猫咪瞬间沦陷。仿真小鸟造型十分*真，毛绒面料柔软亲肤，内置猫薄荷成分，拆开包装猫咪就迫不及待凑过来扒拉啃咬。触碰就会发出清脆的鸟鸣声，完美激发猫咪捕猎本能，独自在家也能自主玩耍，大幅消耗多余精力，再也不...
sample_review_027,sample_product_06,智能逗猫器,已匿名化规格,哈哈哈哈 一开始还害怕 后来感觉要直接吃了..
sample_review_028,sample_product_06,智能逗猫器,已匿名化规格,买的时候没看清说明，跟之前其他家视频搞混了，这款小鸟翅膀不能动，也不是充电款。所以这款可玩性不是很高，家里猫咪喜爱度也一般般。不过家里其他贵为产品的质量一直都挺好。
sample_review_029,sample_product_06,智能逗猫器,已匿名化规格,超好 买个包包挂上 小猫超级喜欢这个 耐咬程度：好 声音大小：合适 材质安全性：安全的很
sample_review_030,sample_product_06,智能逗猫器,已匿名化规格,这个系列我崽唯爱老鼠 前一个老鼠已经被玩到包浆了遂购入新的 看看新欢能不能打败旧爱
